item,itemLabel,metid,sitelinks,sitelink
http://www.wikidata.org/entity/Q7738501,The Gulf Stream,11122,6,https://en.wikipedia.org/wiki/The_Gulf_Stream_(painting)
http://www.wikidata.org/entity/Q19924227,"Coast Scene, Isles of Shoals",11032,1,"https://en.wikipedia.org/wiki/Coast_Scene,_Isles_of_Shoals"
http://www.wikidata.org/entity/Q19924434,Cannon Rock,11113,2,https://en.wikipedia.org/wiki/Cannon_Rock_(painting)
http://www.wikidata.org/entity/Q19924750,The Red Bridge,13184,2,https://en.wikipedia.org/wiki/The_Red_Bridge
http://www.wikidata.org/entity/Q6067009,The Way They Live,10080,2,https://en.wikipedia.org/wiki/The_Way_They_Live
http://www.wikidata.org/entity/Q7769468,The Titan's Goblet,10499,10,https://en.wikipedia.org/wiki/The_Titan%27s_Goblet
http://www.wikidata.org/entity/Q19923957,"Moonlight, Wood Island Light",11127,2,"https://en.wikipedia.org/wiki/Moonlight,_Wood_Island_Light"
http://www.wikidata.org/entity/Q20170768,The Spanish Girl in Reverie,10070,1,https://en.wikipedia.org/wiki/The_Spanish_Girl_in_Reverie
http://www.wikidata.org/entity/Q20174865,"Evening at Medfield, Massachusetts",11230,1,"https://en.wikipedia.org/wiki/Evening_at_Medfield,_Massachusetts"
http://www.wikidata.org/entity/Q29383342,Rough Waves,44918,6,https://en.wikipedia.org/wiki/Rough_Waves
http://www.wikidata.org/entity/Q1196533,The Chess Players,10813,13,https://en.wikipedia.org/wiki/The_Chess_Players_(Eakins)
http://www.wikidata.org/entity/Q19924868,The Aegean Sea,10480,2,https://en.wikipedia.org/wiki/The_Aegean_Sea
http://www.wikidata.org/entity/Q83639804,Indian Vase,13041,1,https://en.wikipedia.org/wiki/Indian_Vase
http://www.wikidata.org/entity/Q334604,Heart of the Andes,10481,14,https://en.wikipedia.org/wiki/The_Heart_of_the_Andes
http://www.wikidata.org/entity/Q19923916,The Parthenon,10482,4,https://en.wikipedia.org/wiki/The_Parthenon_(painting)
http://www.wikidata.org/entity/Q19924621,Young Mother Sewing,10425,4,https://en.wikipedia.org/wiki/Young_Mother_Sewing_(Mary_Cassatt)
http://www.wikidata.org/entity/Q20170852,The Ameya,10186,2,https://en.wikipedia.org/wiki/The_Ameya
http://www.wikidata.org/entity/Q2664039,Portrait of Madame X,12127,21,https://en.wikipedia.org/wiki/Portrait_of_Madame_X
http://www.wikidata.org/entity/Q20173369,Mr. and Mrs. I. N. Phelps Stokes,12140,6,https://en.wikipedia.org/wiki/Mr._and_Mrs._I._N._Phelps_Stokes
http://www.wikidata.org/entity/Q29383000,California,11790,4,https://en.wikipedia.org/wiki/California_(sculpture)
http://www.wikidata.org/entity/Q19923771,Approaching Thunder Storm,11050,4,https://en.wikipedia.org/wiki/Approaching_Thunder_Storm
http://www.wikidata.org/entity/Q20169737,Stage Fort across Gloucester Harbor,11396,1,https://en.wikipedia.org/wiki/Stage_Fort_across_Gloucester_Harbor
http://www.wikidata.org/entity/Q20171060,The Artist's Wife and His Setter Dog,10811,4,https://en.wikipedia.org/wiki/The_Artist%27s_Wife_and_His_Setter_Dog
http://www.wikidata.org/entity/Q20170430,"The Wyndham Sisters: Lady Elcho, Mrs. Adeane, and Mrs. Tennant",12477,9,"https://en.wikipedia.org/wiki/The_Wyndham_Sisters:_Lady_Elcho,_Mrs._Adeane,_and_Mrs._Tennant"
http://www.wikidata.org/entity/Q40432,The Horse Fair,435702,12,https://en.wikipedia.org/wiki/The_Horse_Fair
http://www.wikidata.org/entity/Q20167211,"Madame Jacques-Louis Leblanc (Françoise Poncelle, 1788–1839)",436703,5,https://en.wikipedia.org/wiki/Portrait_of_Madame_Jacques-Louis_Leblanc
http://www.wikidata.org/entity/Q7768767,The Thinker: Portrait of Louis N. Kenton,10827,2,https://en.wikipedia.org/wiki/The_Thinker:_Portrait_of_Louis_N._Kenton
http://www.wikidata.org/entity/Q20176070,Italian Hill Town,10657,1,https://en.wikipedia.org/wiki/Italian_Hill_Town_(Arthur_B._Davies)
http://www.wikidata.org/entity/Q19924267,Mrs. Beckington,10129,1,https://en.wikipedia.org/wiki/Mrs._Beckington_(Alice_Beckington)
http://www.wikidata.org/entity/Q19925426,Lady at the Tea Table,10391,6,https://en.wikipedia.org/wiki/Lady_at_the_Tea_Table
http://www.wikidata.org/entity/Q20170053,The Golden State Entering New York Harbor,11395,1,https://en.wikipedia.org/wiki/The_Golden_State_Entering_New_York_Harbor
http://www.wikidata.org/entity/Q20171155,A Basket of Clams,12388,4,https://en.wikipedia.org/wiki/A_Basket_of_Clams
http://www.wikidata.org/entity/Q20174564,Maine Coast,11126,2,https://en.wikipedia.org/wiki/Maine_Coast
http://www.wikidata.org/entity/Q3937410,Portrait of a Man,437825,11,"https://en.wikipedia.org/wiki/Portrait_of_a_Man_(Titian,_New_York)"
http://www.wikidata.org/entity/Q16950902,Beauty Revealed,14521,15,https://en.wikipedia.org/wiki/Beauty_Revealed
http://www.wikidata.org/entity/Q18619431,Northeaster,11130,2,https://en.wikipedia.org/wiki/Northeaster_(painting)
http://www.wikidata.org/entity/Q19923837,Woman Reading,14981,1,https://en.wikipedia.org/wiki/Woman_Reading_(Susan_Macdowell_Eakins)
http://www.wikidata.org/entity/Q19924008,Arab Woman,12031,5,https://en.wikipedia.org/wiki/Arab_Woman_(watercolor)
http://www.wikidata.org/entity/Q19925241,Alpine Pool,12028,2,https://en.wikipedia.org/wiki/Alpine_Pool
http://www.wikidata.org/entity/Q20169985,The Cup of Tea,10388,7,https://en.wikipedia.org/wiki/The_Cup_of_Tea_(Mary_Cassatt)
http://www.wikidata.org/entity/Q20170034,Bringing Down Marble from the Quarries to Carrara,12052,1,https://en.wikipedia.org/wiki/Bringing_Down_Marble_from_the_Quarries_to_Carrara
http://www.wikidata.org/entity/Q20170935,Mother and Child (The Oval Mirror),10401,4,https://en.wikipedia.org/wiki/Mother_and_Child_(Cassatt)
http://www.wikidata.org/entity/Q20174404,Broadway and 42nd Street,11029,1,https://en.wikipedia.org/wiki/Broadway_and_42nd_Street_(Metropolitan_Museum_of_Art)
http://www.wikidata.org/entity/Q20178178,Boys in a Dory,17053,1,https://en.wikipedia.org/wiki/Boys_in_a_Dory
http://www.wikidata.org/entity/Q28229021,Mrs. Schuyler Van Rensselaer,12012,1,https://en.wikipedia.org/wiki/Mrs._Schuyler_Van_Rensselaer_(Mariana_Griswold)
http://www.wikidata.org/entity/Q28790437,Armor of Emperor Ferdinand I,23944,4,"https://en.wikipedia.org/wiki/Armor_of_Ferdinand_I,_Holy_Roman_Emperor"
http://www.wikidata.org/entity/Q29383466,"""Cyclone""",82103,4,https://en.wikipedia.org/wiki/Cyclone_(Jeanne_Lanvin)
http://www.wikidata.org/entity/Q1220013,The Vision of Saint John,436576,15,https://en.wikipedia.org/wiki/Opening_of_the_Fifth_Seal
http://www.wikidata.org/entity/Q3172259,The Oxbow,10497,11,https://en.wikipedia.org/wiki/The_Oxbow
http://www.wikidata.org/entity/Q17538900,Lady with the Rose,12121,6,https://en.wikipedia.org/wiki/Lady_with_the_Rose_(Charlotte_Louise_Burckhardt)
http://www.wikidata.org/entity/Q19905269,Vase of Flowers and Conch Shell,437864,2,https://en.wikipedia.org/wiki/Vase_of_Flowers_and_Conch_Shell
http://www.wikidata.org/entity/Q19923816,The Roaring Forties,13167,1,https://en.wikipedia.org/wiki/Roaring_Forties_(Frederick_Judd_Waugh)
http://www.wikidata.org/entity/Q19923866,The Flower Girl,11207,2,https://en.wikipedia.org/wiki/The_Flower_Girl_(Ingham)
http://www.wikidata.org/entity/Q19923925,Egyptians Raising Water from the Nile,12074,4,https://en.wikipedia.org/wiki/Egyptians_Raising_Water_from_the_Nile
http://www.wikidata.org/entity/Q19924428,Spring Morning in the Heart of the City,11038,2,https://en.wikipedia.org/wiki/Spring_Morning_in_the_Heart_of_the_City
http://www.wikidata.org/entity/Q19924623,Glass Blowers of Murano,12846,1,https://en.wikipedia.org/wiki/Glass_Blowers_of_Murano
http://www.wikidata.org/entity/Q20170044,"William M. Chase, N. A.",12471,2,"https://en.wikipedia.org/wiki/William_M._Chase,_N._A."
http://www.wikidata.org/entity/Q20170602,The 9:45 Accommodation,11060,2,https://en.wikipedia.org/wiki/The_9:45_Accommodation
http://www.wikidata.org/entity/Q20170951,Lydia Crocheting in the Garden at Marly,10393,1,https://en.wikipedia.org/wiki/Lydia_Crocheting_in_the_Garden_at_Marly_(Mary_Cassatt)
http://www.wikidata.org/entity/Q20173354,Egyptian Woman with Earrings,12073,4,https://en.wikipedia.org/wiki/Egyptian_Woman_with_Earrings
http://www.wikidata.org/entity/Q21084031,Parade Armour of Henry II of France,24671,5,https://en.wikipedia.org/wiki/Parade_Armour_of_Henry_II_of_France
http://www.wikidata.org/entity/Q43742393,Golden Cock and Hen,40073,11,https://en.wikipedia.org/wiki/Golden_Cock_and_Hen
http://www.wikidata.org/entity/Q113262,Young man in Mayo costume,438819,6,https://en.wikipedia.org/wiki/Young_Man_Dressed_as_a_Majo
http://www.wikidata.org/entity/Q1913390,Max Schmitt in a Single Scull,10819,8,https://en.wikipedia.org/wiki/Max_Schmitt_in_a_Single_Scull
http://www.wikidata.org/entity/Q4811052,Astor Court,78870,5,https://en.wikipedia.org/wiki/Astor_Court
http://www.wikidata.org/entity/Q7762767,The Sea Monster,351297,5,https://en.wikipedia.org/wiki/The_Sea_Monster
http://www.wikidata.org/entity/Q7765338,"The Sortie Made by the Garrison of Gibraltar, 1789",12828,2,https://en.wikipedia.org/wiki/The_Sortie_Made_by_the_Garrison_of_Gibraltar
http://www.wikidata.org/entity/Q17008188,Lilacs in a Window,13758,4,https://en.wikipedia.org/wiki/Lilacs_in_a_Window
http://www.wikidata.org/entity/Q19924438,"Colburn's Butte, South Utah",19745,1,"https://en.wikipedia.org/wiki/Colburn%27s_Butte,_South_Utah"
http://www.wikidata.org/entity/Q19924646,At the Seaside,10464,1,https://en.wikipedia.org/wiki/At_the_Seaside
http://www.wikidata.org/entity/Q20167269,The Bathing Pool,437473,2,https://en.wikipedia.org/wiki/The_Bathing_Pool
http://www.wikidata.org/entity/Q20170246,Still Life: Balsam Apple and Vegetables,11734,1,https://en.wikipedia.org/wiki/Still_Life_-_Balsam_Apples_and_Vegetables
http://www.wikidata.org/entity/Q20170410,The Hermit (Il solitario),12110,2,https://en.wikipedia.org/wiki/The_Hermit_(Il_solitario)
http://www.wikidata.org/entity/Q20173383,Reapers Resting in a Wheat Field,12162,3,https://en.wikipedia.org/wiki/Reapers_Resting_in_a_Wheat_Field
http://www.wikidata.org/entity/Q20176465,The Writing Master,10828,2,https://en.wikipedia.org/wiki/The_Writing_Master
http://www.wikidata.org/entity/Q20178756,Hiawatha,12004,1,https://en.wikipedia.org/wiki/Hiawatha_(sculpture)
http://www.wikidata.org/entity/Q20183551,Portrait of Gerard de Lairesse,459082,4,https://en.wikipedia.org/wiki/Portrait_of_Gerard_de_Lairesse
http://www.wikidata.org/entity/Q43972414,Pavilion by the Lake,40429,9,https://en.wikipedia.org/wiki/Pavilion_by_the_Lake
http://www.wikidata.org/entity/Q68032395,Vase with Poet Zhou Dunyi,52777,1,https://en.wikipedia.org/wiki/Vase_with_Poet_Zhou_Dunyi
http://www.wikidata.org/entity/Q76380297,O-yoroi Armor of Ashikaga Takauji,22506,3,https://en.wikipedia.org/wiki/O-yoroi_Armor_of_Ashikaga_Takauji
http://www.wikidata.org/entity/Q2494850,The Funeral,436952,6,https://en.wikipedia.org/wiki/The_Funeral_(painting)
http://www.wikidata.org/entity/Q6728394,Madonna and Child,438754,8,"https://en.wikipedia.org/wiki/Madonna_and_Child_(Duccio,_Metropolitan)"
http://www.wikidata.org/entity/Q7761325,"The Rocky Mountains, Lander's Peak",10154,8,"https://en.wikipedia.org/wiki/The_Rocky_Mountains,_Lander%27s_Peak"
http://www.wikidata.org/entity/Q19905715,The Experts,436114,3,https://en.wikipedia.org/wiki/The_Experts_(painting)
http://www.wikidata.org/entity/Q19911841,Brigand and his wife in prayer,438673,1,https://en.wikipedia.org/wiki/Brigand_and_His_Wife_in_Prayer
http://www.wikidata.org/entity/Q19912798,The Banks of the Bièvre near Bicêtre,437512,3,https://en.wikipedia.org/wiki/The_Banks_of_the_Bi%C3%A8vre_near_Bic%C3%AAtre
http://www.wikidata.org/entity/Q19923930,Gilbert Stuart,10956,2,https://en.wikipedia.org/wiki/Gilbert_Stuart_(Goodridge)
http://www.wikidata.org/entity/Q19923962,A River Glimpse,10769,1,https://en.wikipedia.org/wiki/A_River_Glimpse
http://www.wikidata.org/entity/Q19924308,Lake George,11311,4,https://en.wikipedia.org/wiki/Lake_George_(John_Frederick_Kensett)
http://www.wikidata.org/entity/Q20169728,The Water Garden,14871,1,https://en.wikipedia.org/wiki/The_Water_Garden_(Childe_Hassam)
http://www.wikidata.org/entity/Q20169755,Cider Making,11619,4,https://en.wikipedia.org/wiki/Cider_Making_(painting)
http://www.wikidata.org/entity/Q20170619,The Falls of Niagara,11080,1,https://en.wikipedia.org/wiki/The_Falls_of_Niagara
http://www.wikidata.org/entity/Q20171231,Mountain Stream,12138,1,https://en.wikipedia.org/wiki/Mountain_Stream_(John_Singer_Sargent)
http://www.wikidata.org/entity/Q29910832,Quail and Millet,45734,2,https://en.wikipedia.org/wiki/Quail_and_Millet_(Kiyohara_Yukinobu)
http://www.wikidata.org/entity/Q2404992,Aristotle with a Bust of Homer,437394,19,https://en.wikipedia.org/wiki/Aristotle_with_a_Bust_of_Homer
http://www.wikidata.org/entity/Q3538918,Saint Lawrence Enthroned with Saints and Donors,436897,7,https://en.wikipedia.org/wiki/Alessandri_Altarpiece
http://www.wikidata.org/entity/Q3967211,The Marriage of the Virgin,437083,4,https://en.wikipedia.org/wiki/The_Marriage_of_the_Virgin_(Michelino_da_Besozzo)
http://www.wikidata.org/entity/Q7311573,Self portrait,437397,6,"https://en.wikipedia.org/wiki/Self-Portrait_(Rembrandt,_Altman)"
http://www.wikidata.org/entity/Q19911495,Young Ladies of the Village,438820,6,https://en.wikipedia.org/wiki/Young_Ladies_of_the_Village
http://www.wikidata.org/entity/Q19911565,Christ with a Staff,437407,3,https://en.wikipedia.org/wiki/Christ_with_a_Staff
http://www.wikidata.org/entity/Q19911781,Portrait of a Woman,437390,2,"https://en.wikipedia.org/wiki/Oval_Portrait_of_a_Woman_(Rembrandt,_New_York)"
http://www.wikidata.org/entity/Q19911912,The Garden of the Tuileries on a Winter Afternoon,437314,4,https://en.wikipedia.org/wiki/The_Garden_of_the_Tuileries_on_a_Winter_Afternoon
http://www.wikidata.org/entity/Q19912566,Soldier Playing the Theorbo,437050,1,https://en.wikipedia.org/wiki/Soldier_Playing_the_Theorbo
http://www.wikidata.org/entity/Q19913029,The Family of Mr. Westfal in the Conservatory,439065,2,https://en.wikipedia.org/wiki/The_Family_of_Mr._Westfal_in_the_Conservatory
http://www.wikidata.org/entity/Q19930575,Autumn Oaks,11227,1,https://en.wikipedia.org/wiki/Autumn_Oaks
http://www.wikidata.org/entity/Q20167032,"Portrait of a Man, probably a Member of the Van Beresteyn Family",437386,1,"https://en.wikipedia.org/wiki/Portrait_of_a_Man,_probably_a_Member_of_the_Van_Beresteyn_Family"
http://www.wikidata.org/entity/Q20167067,View of the Domaine Saint-Joseph,435885,3,https://en.wikipedia.org/wiki/View_of_the_Domaine_Saint-Joseph
http://www.wikidata.org/entity/Q20169432,The Deluge towards Its Close,12569,1,https://en.wikipedia.org/wiki/The_Deluge_towards_Its_Close
http://www.wikidata.org/entity/Q20199118,Sentimental Music,488524,1,https://en.wikipedia.org/wiki/Sentimental_Music
http://www.wikidata.org/entity/Q28092249,Night-Shining White,39901,16,https://en.wikipedia.org/wiki/Night-Shining_White
http://www.wikidata.org/entity/Q29384413,Panel with striding lion,322585,1,https://en.wikipedia.org/wiki/Panel_with_striding_lion
http://www.wikidata.org/entity/Q60761219,Carp and Pine,54425,1,https://en.wikipedia.org/wiki/Carp_and_Pine
http://www.wikidata.org/entity/Q2408910,"A Goldsmith in His Shop, Possibly Saint Eligius",459052,11,https://en.wikipedia.org/wiki/A_Goldsmith_in_His_Shop
http://www.wikidata.org/entity/Q19924223,"Searchlight on Harbor Entrance, Santiago de Cuba",11136,1,"https://en.wikipedia.org/wiki/Searchlight_on_Harbor_Entrance,_Santiago_de_Cuba"
http://www.wikidata.org/entity/Q59399218,Autumn Ivy,45076,2,https://en.wikipedia.org/wiki/Autumn_Ivy_(Ogata_Kenzan)
http://www.wikidata.org/entity/Q78664918,"Waxwings, Cherry Blossoms, and Bamboo",77204,1,"https://en.wikipedia.org/wiki/Waxwings,_Cherry_Blossoms,_and_Bamboo"
http://www.wikidata.org/entity/Q3172087,Fur Traders Descending the Missouri,10159,6,https://en.wikipedia.org/wiki/Fur_Traders_Descending_the_Missouri
http://www.wikidata.org/entity/Q3172216,Dressing for the Carnival,11116,4,https://en.wikipedia.org/wiki/Dressing_for_the_Carnival
http://www.wikidata.org/entity/Q3842385,Madonna and Child,437824,7,https://en.wikipedia.org/wiki/Bache_Madonna
http://www.wikidata.org/entity/Q3937689,Brother Gregorio Belo of Vicenza,436917,6,https://en.wikipedia.org/wiki/Portrait_of_Brother_Gregorio_Belo_of_Vicenza
http://www.wikidata.org/entity/Q4656688,A Faun Teased by Children,206399,8,https://en.wikipedia.org/wiki/A_Faun_Teased_by_Children
http://www.wikidata.org/entity/Q12141828,Prisoners from the Front,11133,2,https://en.wikipedia.org/wiki/Prisoners_from_the_Front
http://www.wikidata.org/entity/Q18437007,The Wolf and Fox Hunt,437536,3,https://en.wikipedia.org/wiki/The_Wolf_and_Fox_Hunt
http://www.wikidata.org/entity/Q19904842,Self-Portrait with Two Pupils,436840,5,https://en.wikipedia.org/wiki/Self-Portrait_with_Two_Pupils
http://www.wikidata.org/entity/Q19905359,The Sacrifice of Polyxena,437496,1,https://en.wikipedia.org/wiki/The_Sacrifice_of_Polyxena_(Giovanni_Francesco_Romanelli)
http://www.wikidata.org/entity/Q19911538,The Holy Family with Saints Anne and Catherine of Alexandria,437455,2,https://en.wikipedia.org/wiki/The_Holy_Family_with_Saints_Anne_and_Catherine_of_Alexandria
http://www.wikidata.org/entity/Q19911869,Self-Portrait,436210,4,"https://en.wikipedia.org/wiki/Self-Portrait_(Dou,_New_York)"
http://www.wikidata.org/entity/Q19912975,A Woman and Two Men in an Arbor,436679,2,https://en.wikipedia.org/wiki/A_Woman_and_Two_Men_in_an_Arbour
http://www.wikidata.org/entity/Q19923845,Tommies Bathing,12440,2,https://en.wikipedia.org/wiki/Tommies_Bathing_(John_Singer_Sargent)
http://www.wikidata.org/entity/Q19924628,Portrait of the Artist,10409,3,https://en.wikipedia.org/wiki/Portrait_of_the_Artist_(Mary_Cassatt)
http://www.wikidata.org/entity/Q19924663,On the Thames,10198,1,https://en.wikipedia.org/wiki/On_the_Thames_(Frank_Myers_Boggs)
http://www.wikidata.org/entity/Q19924773,"Spring Blossoms, Montclair, New Jersey",11234,1,"https://en.wikipedia.org/wiki/Spring_Blossoms,_Montclair,_New_Jersey"
http://www.wikidata.org/entity/Q19924921,Alexander Hamilton,20893,3,https://en.wikipedia.org/wiki/Alexander_Hamilton_(Trumbull)
http://www.wikidata.org/entity/Q19925433,Tyrolese Interior,12456,1,https://en.wikipedia.org/wiki/Tyrolese_Interior
http://www.wikidata.org/entity/Q19925508,Rosa Bonheur,11348,4,https://en.wikipedia.org/wiki/Rosa_Bonheur_(Anna_Elizabeth_Klumpke)
http://www.wikidata.org/entity/Q19925768,The New Bonnet,10843,2,https://en.wikipedia.org/wiki/The_New_Bonnet
http://www.wikidata.org/entity/Q19930492,The Veteran in a New Field,11145,1,https://en.wikipedia.org/wiki/The_Veteran_in_a_New_Field
http://www.wikidata.org/entity/Q20169840,My Bunkie,12543,1,https://en.wikipedia.org/wiki/My_Bunkie
http://www.wikidata.org/entity/Q20170162,Winter in Union Square,16881,2,https://en.wikipedia.org/wiki/Winter_in_Union_Square
http://www.wikidata.org/entity/Q29382987,"Fishing Boats, Key West",11120,4,"https://en.wikipedia.org/wiki/Fishing_Boats,_Key_West"
http://www.wikidata.org/entity/Q29911524,Clasped Hands of Robert and Elizabeth Barrett Browning,11156,1,https://en.wikipedia.org/wiki/Clasped_Hands_of_Robert_and_Elizabeth_Barrett_Browning
http://www.wikidata.org/entity/Q19912543,Entrance to a Dutch Port,437876,2,https://en.wikipedia.org/wiki/Entrance_to_a_Dutch_Port
http://www.wikidata.org/entity/Q19912911,Still Life with Ham,437513,1,https://en.wikipedia.org/wiki/Still_Life_with_Ham_(Philippe_Rousseau)
http://www.wikidata.org/entity/Q19925424,George Washington,12822,3,https://en.wikipedia.org/wiki/George_Washington_(Trumbull)
http://www.wikidata.org/entity/Q56274282,Sunset,342992,2,https://en.wikipedia.org/wiki/Sunset_(Delacroix)
http://www.wikidata.org/entity/Q2270778,The Denial of Saint Peter,437986,8,https://en.wikipedia.org/wiki/The_Denial_of_Saint_Peter_(Caravaggio)
http://www.wikidata.org/entity/Q3094651,Modern Rome,437245,4,https://en.wikipedia.org/wiki/Modern_Rome
http://www.wikidata.org/entity/Q3210251,The Penitent Magdalen,436839,9,https://en.wikipedia.org/wiki/Magdalene_with_Two_Flames
http://www.wikidata.org/entity/Q3937623,Portrait of Maria Portinari,437056,10,https://en.wikipedia.org/wiki/Portrait_of_Maria_Portinari
http://www.wikidata.org/entity/Q19912754,Seated Peasant,437990,3,https://en.wikipedia.org/wiki/Seated_Peasant_(C%C3%A9zanne)
http://www.wikidata.org/entity/Q19913070,Catania and Mount Etna,436859,3,https://en.wikipedia.org/wiki/Catania_and_Mount_Etna
http://www.wikidata.org/entity/Q19913475,Parochialstrasse in Berlin,438848,1,https://en.wikipedia.org/wiki/Parochialstrasse_in_Berlin
http://www.wikidata.org/entity/Q19925092,The Trout Pool,13315,1,https://en.wikipedia.org/wiki/The_Trout_Pool_(Worthington_Whittredge)
http://www.wikidata.org/entity/Q19925409,Still Life with Cake,11737,2,https://en.wikipedia.org/wiki/Still_Life_with_Cake
http://www.wikidata.org/entity/Q20169485,A Rose,14931,3,https://en.wikipedia.org/wiki/A_Rose
http://www.wikidata.org/entity/Q20169896,Tivoli,10947,1,https://en.wikipedia.org/wiki/Tivoli_(Sanford_Robinson_Gifford)
http://www.wikidata.org/entity/Q22443796,Portrait of Tommaso di Folco Portinari,437056,4,https://en.wikipedia.org/wiki/Portrait_of_Tommaso_Portinari
http://www.wikidata.org/entity/Q27033728,Madonna and Child Enthroned with Saints,437372,9,https://en.wikipedia.org/wiki/Madonna_and_Child_Enthroned_with_Saints_(Raphael)
http://www.wikidata.org/entity/Q29003788,Mantua,81718,2,https://en.wikipedia.org/wiki/Mantua_(Kimberley_Hall)
http://www.wikidata.org/entity/Q29385255,Calligraphic Galleon,454611,5,https://en.wikipedia.org/wiki/Calligraphic_Galleon
http://www.wikidata.org/entity/Q104850540,"Spring Showers, the Coach",285933,2,"https://en.wikipedia.org/wiki/Spring_Showers,_the_Coach"
http://www.wikidata.org/entity/Q509806,Washington Crossing the Delaware,11417,21,https://en.wikipedia.org/wiki/Washington_Crossing_the_Delaware_(1851_paintings)
http://www.wikidata.org/entity/Q686105,Madame Georges Charpentier and her Children,438815,9,https://en.wikipedia.org/wiki/Madame_Georges_Charpentier_and_Her_Children
http://www.wikidata.org/entity/Q3784753,Cardinal Fernando Niño de Guevara,436573,8,https://en.wikipedia.org/wiki/Portrait_of_Fernando_Ni%C3%B1o_de_Guevara
http://www.wikidata.org/entity/Q6371404,Portrait of a Man,437874,4,https://en.wikipedia.org/wiki/Portrait_of_a_Man_(Vel%C3%A1zquez)
http://www.wikidata.org/entity/Q12859122,Mrs. Hugh Hammersley,16255,5,https://en.wikipedia.org/wiki/Mrs._Hugh_Hammersley
http://www.wikidata.org/entity/Q19376279,Portrait of a Man,436490,2,https://en.wikipedia.org/wiki/Portrait_of_a_Man_(Domenico_Ghirlandaio)
http://www.wikidata.org/entity/Q19905369,"A Cowherd at Valhermeil, Auvers-sur-Oise",437300,4,"https://en.wikipedia.org/wiki/A_Cowherd_at_Valhermeil,_Auvers-sur-Oise"
http://www.wikidata.org/entity/Q19913425,Princess Pauline Metternich (1836–1921) on the Beach,437988,2,https://en.wikipedia.org/wiki/Princess_Pauline_Metternich_on_the_Beach
http://www.wikidata.org/entity/Q19924777,The Valley of Wyoming,10586,1,https://en.wikipedia.org/wiki/The_Valley_of_Wyoming
http://www.wikidata.org/entity/Q19930594,Padre Sebastiano,12153,1,https://en.wikipedia.org/wiki/Padre_Sebastiano
http://www.wikidata.org/entity/Q20170180,"Surf, Isles of Shoals",15583,1,"https://en.wikipedia.org/wiki/Surf,_Isles_of_Shoals"
http://www.wikidata.org/entity/Q20170866,Sunrise on the Matterhorn,10158,4,https://en.wikipedia.org/wiki/Sunrise_on_the_Matterhorn_(Albert_Bierstadt)
http://www.wikidata.org/entity/Q20180920,Houses on the Achterzaan,459107,6,https://en.wikipedia.org/wiki/Houses_on_the_Achterzaan
http://www.wikidata.org/entity/Q29383437,Waistcoat,81136,2,https://en.wikipedia.org/wiki/Waistcoat_(Garthwaite/Lekeux)
http://www.wikidata.org/entity/Q60751455,Buddha Maitreya,42733,2,https://en.wikipedia.org/wiki/Buddha_Maitreya_(sculpture)
http://www.wikidata.org/entity/Q78637493,Copenhagen Harbor by Moonlight,439343,1,https://en.wikipedia.org/wiki/Copenhagen_Harbor_by_Moonlight
http://www.wikidata.org/entity/Q432253,Garden at Sainte-Adresse,437133,21,https://en.wikipedia.org/wiki/Garden_at_Sainte-Adresse
http://www.wikidata.org/entity/Q613928,Portrait of Antoine-Laurent Lavoisier and his wife,436106,11,https://en.wikipedia.org/wiki/Portrait_of_Antoine-Laurent_Lavoisier_and_his_Wife
http://www.wikidata.org/entity/Q2752079,The Dead Christ with Angels,436950,5,https://en.wikipedia.org/wiki/The_Dead_Christ_with_Angels
http://www.wikidata.org/entity/Q3212765,The Seine at Bougival,437681,6,https://en.wikipedia.org/wiki/The_Seine_at_Bougival
http://www.wikidata.org/entity/Q4006212,Napoleonic,238803,10,https://en.wikipedia.org/wiki/Napoleonic_(Faberg%C3%A9_egg)
http://www.wikidata.org/entity/Q6163639,The Young Virgin,437971,6,https://en.wikipedia.org/wiki/The_Young_Virgin
http://www.wikidata.org/entity/Q16651190,Joan of Arc,435621,7,https://en.wikipedia.org/wiki/Joan_of_Arc_(painting)
http://www.wikidata.org/entity/Q19905418,Young Woman with a Pearl Necklace,436212,1,https://en.wikipedia.org/wiki/Young_Woman_in_a_Pearl_Necklace_(New_York_City)
http://www.wikidata.org/entity/Q19911647,Venus and Adonis,437535,2,"https://en.wikipedia.org/wiki/Venus_and_Adonis_(Rubens,_1635)"
http://www.wikidata.org/entity/Q19914267,The Doge's Palace Seen from San Giorgio Maggiore,437129,4,https://en.wikipedia.org/wiki/The_Doge%27s_Palace_Seen_from_San_Giorgio_Maggiore_(Claude_Monet)
http://www.wikidata.org/entity/Q30994036,The Five Points,20891,1,https://en.wikipedia.org/wiki/The_Five_Points_(Metropolitan_Museum_of_Art)
http://www.wikidata.org/entity/Q43742238,Helmet of eight plates in the Korean style,26606,5,https://en.wikipedia.org/wiki/Helmet_of_eight_plates_in_the_Korean_style
http://www.wikidata.org/entity/Q867510,Cypresses,437980,9,https://en.wikipedia.org/wiki/Cypresses_(Metropolitan_Museum_of_Art)
http://www.wikidata.org/entity/Q883994,View of Toledo,436575,23,https://en.wikipedia.org/wiki/View_of_Toledo
http://www.wikidata.org/entity/Q2081939,Caucasus,238802,11,https://en.wikipedia.org/wiki/Caucasus_(Faberg%C3%A9_egg)
http://www.wikidata.org/entity/Q5189523,Crown of the Andes,21698,7,https://en.wikipedia.org/wiki/Crown_of_the_Andes
http://www.wikidata.org/entity/Q19911421,The Dream of Aeneas,437507,1,https://en.wikipedia.org/wiki/The_Dream_of_Aeneas_(Salvator_Rosa)
http://www.wikidata.org/entity/Q19911450,Blind Orion Searching for the Rising Sun,437326,5,https://en.wikipedia.org/wiki/Blind_Orion_Searching_for_the_Rising_Sun
http://www.wikidata.org/entity/Q19911849,The Collector of Prints,436122,4,https://en.wikipedia.org/wiki/The_Collector_of_Prints_(Degas)
http://www.wikidata.org/entity/Q19912922,A Vase of Flowers,436634,6,https://en.wikipedia.org/wiki/A_Vase_of_Flowers_(1716)
http://www.wikidata.org/entity/Q19924882,The Masquerade Dress,19322,1,https://en.wikipedia.org/wiki/The_Masquerade_Dress
http://www.wikidata.org/entity/Q20167260,The Mouth of a Cave,437470,3,https://en.wikipedia.org/wiki/The_Mouth_of_a_Cave
http://www.wikidata.org/entity/Q20170024,The Beeches,10786,1,https://en.wikipedia.org/wiki/The_Beeches_(painting)
http://www.wikidata.org/entity/Q78167816,Victor Joris,96819,1,https://en.wikipedia.org/wiki/Victor_Joris
http://www.wikidata.org/entity/Q582428,Hercules the Archer,195221,7,https://en.wikipedia.org/wiki/Hercules_the_Archer
http://www.wikidata.org/entity/Q1118465,Ia Orana Maria,438821,13,https://en.wikipedia.org/wiki/Ia_Orana_Maria
http://www.wikidata.org/entity/Q3842383,The Holy Family with Saint Mary Magdalen,436967,7,https://en.wikipedia.org/wiki/Altman_Madonna
http://www.wikidata.org/entity/Q7744027,The Kearsarge at Boulogne,438144,4,https://en.wikipedia.org/wiki/The_Kearsarge_at_Boulogne
http://www.wikidata.org/entity/Q7973309,Water Lilies,438008,4,https://en.wikipedia.org/wiki/Water_Lilies_(1919)
http://www.wikidata.org/entity/Q12088934,Shrovetide Revellers,436622,6,https://en.wikipedia.org/wiki/Shrovetide_Revellers
http://www.wikidata.org/entity/Q17635065,Mezzetin,437926,4,https://en.wikipedia.org/wiki/Mezzetino_(Watteau)
http://www.wikidata.org/entity/Q17642974,Portrait of Claes Duyst van Voorhout,436621,3,https://en.wikipedia.org/wiki/Claes_Duyst_van_Voorhout
http://www.wikidata.org/entity/Q19905195,Prayer in the Mosque,436482,6,https://en.wikipedia.org/wiki/Prayer_in_the_Mosque
http://www.wikidata.org/entity/Q19905217,Wheat Fields,437549,1,https://en.wikipedia.org/wiki/Wheat_Fields_(Ruisdael)
http://www.wikidata.org/entity/Q19905461,The Interior of an Atelier of a Woman Painter,436875,4,https://en.wikipedia.org/wiki/The_Interior_of_an_Atelier_of_a_Woman_Painter_(Lemoine)
http://www.wikidata.org/entity/Q20173992,Wild Weather,13168,2,https://en.wikipedia.org/wiki/Wild_Weather_(Frederick_Judd_Waugh)
http://www.wikidata.org/entity/Q29383717,Silver-gilt bowl,243823,1,https://en.wikipedia.org/wiki/Silver-gilt_bowl_(Metropolitan_Museum_of_Art)
http://www.wikidata.org/entity/Q43253299,Ten Thousand Miles along the Yellow River,73299,6,https://en.wikipedia.org/wiki/Ten_Thousand_Miles_along_the_Yellow_River
http://www.wikidata.org/entity/Q942523,Young Lady in 1866,436964,7,https://en.wikipedia.org/wiki/A_Young_Lady_in_1866
http://www.wikidata.org/entity/Q3035829,Don Manuel Osorio de Zuniga,436545,11,https://en.wikipedia.org/wiki/Manuel_Osorio_Manrique_de_Z%C3%BA%C3%B1iga
http://www.wikidata.org/entity/Q7818635,Tomb of Perneb,543937,3,https://en.wikipedia.org/wiki/Tomb_of_Perneb
http://www.wikidata.org/entity/Q9372005,Venus and Mars,437891,8,https://en.wikipedia.org/wiki/Venus_and_Mars_(Veronese)
http://www.wikidata.org/entity/Q17026577,Moulin Rouge: La Goulue,333990,4,https://en.wikipedia.org/wiki/Moulin_Rouge:_La_Goulue
http://www.wikidata.org/entity/Q18613324,The Burial of Christ,438338,2,https://en.wikipedia.org/wiki/Entombment_of_Christ_(Carracci)
http://www.wikidata.org/entity/Q18683181,Buddha of Medicine Bhaishajyaguru,42716,10,https://en.wikipedia.org/wiki/Paradise_of_Bhaisajyaguru
http://www.wikidata.org/entity/Q19904884,Broken Eggs,436579,4,https://en.wikipedia.org/wiki/Broken_Eggs_(Metropolitan_Museum_of_Art)
http://www.wikidata.org/entity/Q19905366,Steamboats in the Port of Rouen,437309,5,https://en.wikipedia.org/wiki/Steamboats_in_the_Port_of_Rouen
http://www.wikidata.org/entity/Q19911949,The Lute Player,439933,3,https://en.wikipedia.org/wiki/Lute_Player
http://www.wikidata.org/entity/Q20166980,Bartolommeo Bonghi (died 1584),437164,2,https://en.wikipedia.org/wiki/Portrait_of_Bartolomeo_Bonghi
http://www.wikidata.org/entity/Q20190808,One Third of a Nation,488126,1,https://en.wikipedia.org/wiki/One_Third_of_a_Nation
http://www.wikidata.org/entity/Q28810545,New York Kouros,253370,5,https://en.wikipedia.org/wiki/New_York_Kouros
http://www.wikidata.org/entity/Q50351176,"Winter, Fifth Avenue",270042,4,"https://en.wikipedia.org/wiki/Winter,_Fifth_Avenue"
http://www.wikidata.org/entity/Q472037,By the Seashore,437430,8,https://en.wikipedia.org/wiki/By_the_Seashore
http://www.wikidata.org/entity/Q684935,A Girl Asleep,437878,18,https://en.wikipedia.org/wiki/A_Girl_Asleep
http://www.wikidata.org/entity/Q941549,La Grenouillère,437135,14,https://en.wikipedia.org/wiki/Bain_%C3%A0_la_Grenouill%C3%A8re
http://www.wikidata.org/entity/Q1645088,Arcadia,10810,6,https://en.wikipedia.org/wiki/Arcadia_(painting)
http://www.wikidata.org/entity/Q3399428,Portrait of Francesco d'Este,437487,8,https://en.wikipedia.org/wiki/Portrait_of_Francesco_d%27Este
http://www.wikidata.org/entity/Q3605556,Adoration of the Shepherds,436966,11,https://en.wikipedia.org/wiki/Adoration_of_the_Shepherds_(Mantegna)
http://www.wikidata.org/entity/Q5712837,Portrait of a man,436574,8,https://en.wikipedia.org/wiki/Self-Portrait_(El_Greco)
http://www.wikidata.org/entity/Q6106751,"Elizabeth Farren (born about 1759, died 1829), Later Countess of Derby",436851,5,https://en.wikipedia.org/wiki/Portrait_of_Elizabeth_Farren
http://www.wikidata.org/entity/Q19911644,Portrait of a Young Woman with a Fan,437391,3,https://en.wikipedia.org/wiki/Portrait_of_a_Young_Woman_with_a_Fan
http://www.wikidata.org/entity/Q19912015,Tea,438098,3,https://en.wikipedia.org/wiki/Tea_(James_Tissot)
http://www.wikidata.org/entity/Q76380297,O-yoroi Armor of Ashikaga Takauji,35694,3,https://en.wikipedia.org/wiki/O-yoroi_Armor_of_Ashikaga_Takauji
http://www.wikidata.org/entity/Q4717953,Portrait of Juan de Pareja,437869,11,https://en.wikipedia.org/wiki/Portrait_of_Juan_de_Pareja
http://www.wikidata.org/entity/Q7494497,Shepherdess Seated on a Rock,437098,2,https://en.wikipedia.org/wiki/Shepherdess_Seated_on_a_Rock
http://www.wikidata.org/entity/Q15290965,Boating,436947,8,https://en.wikipedia.org/wiki/Boating_(Manet)
http://www.wikidata.org/entity/Q19904863,Portrait of Charlotte du Val d'Ognes,437903,5,https://en.wikipedia.org/wiki/Portrait_of_Charlotte_du_Val_d%27Ognes_(Marie-Denise_Villers)
http://www.wikidata.org/entity/Q19906247,The Crucifixion,437172,3,https://en.wikipedia.org/wiki/Christ_on_the_Cross_(Murillo)
http://www.wikidata.org/entity/Q19911778,Charity,437422,3,"https://en.wikipedia.org/wiki/Charity_(Reni,_New_York)"
http://www.wikidata.org/entity/Q19912036,The Musician,436642,1,https://en.wikipedia.org/wiki/The_Musician_(Bartholomeus_van_der_Helst_painting)
http://www.wikidata.org/entity/Q19912621,"The Farm at Les Collettes, Cagnes",437433,4,"https://en.wikipedia.org/wiki/The_Farm_at_Les_Collettes,_Cagnes"
http://www.wikidata.org/entity/Q29383310,Biographies of Lian Po and Lin Xiangru,39918,2,https://en.wikipedia.org/wiki/Biographies_of_Lian_Po_and_Lin_Xiangru_(Huang_Tingjian_calligraphy)
http://www.wikidata.org/entity/Q43974050,Head of Bhairava,78187,7,https://en.wikipedia.org/wiki/Head_of_Bhairava
http://www.wikidata.org/entity/Q839359,Woman with a Lute,437880,13,https://en.wikipedia.org/wiki/Woman_with_a_Lute
http://www.wikidata.org/entity/Q1186970,Temple of Dendur,547802,13,https://en.wikipedia.org/wiki/Temple_of_Dendur
http://www.wikidata.org/entity/Q16965240,Florinda,437944,2,https://en.wikipedia.org/wiki/Florinda_(Winterhalter)
http://www.wikidata.org/entity/Q17024776,Madame Augustine Roulin with Baby,459123,2,https://en.wikipedia.org/wiki/Madame_Roulin_and_Her_Baby
http://www.wikidata.org/entity/Q18511742,The Visit,436678,3,https://en.wikipedia.org/wiki/Merry_Company_with_Two_Men_and_Two_Women
http://www.wikidata.org/entity/Q19905258,A Musician and His Daughter,436818,1,https://en.wikipedia.org/wiki/A_Musician_and_His_Daughter
http://www.wikidata.org/entity/Q19905462,The Lacemaker,436932,2,https://en.wikipedia.org/wiki/The_Lacemaker_(Maes)
http://www.wikidata.org/entity/Q19911604,Haystacks: Autumn,437097,3,https://en.wikipedia.org/wiki/Haystacks:_Autumn
http://www.wikidata.org/entity/Q19913081,Road in the Woods,437847,1,https://en.wikipedia.org/wiki/Road_in_the_Woods_(Constant_Troyon)
http://www.wikidata.org/entity/Q379906,The Fortune Teller,436838,8,https://en.wikipedia.org/wiki/The_Fortune_Teller_(de_La_Tour)
http://www.wikidata.org/entity/Q1516907,Hours of Jeanne d'Evreux,470309,10,https://en.wikipedia.org/wiki/Hours_of_Jeanne_d%27Evreux
http://www.wikidata.org/entity/Q1844748,Boy Carrying a Sword,436948,9,https://en.wikipedia.org/wiki/Boy_Carrying_a_Sword
http://www.wikidata.org/entity/Q5506360,Fruit Dish and Glass,490612,1,https://en.wikipedia.org/wiki/Fruit_Dish_and_Glass
http://www.wikidata.org/entity/Q19905106,The Sacrifice of Polyxena,442761,1,https://en.wikipedia.org/wiki/The_Sacrifice_of_Polyxena_(Charles_Le_Brun)
http://www.wikidata.org/entity/Q19905377,The Brioche,436946,3,https://en.wikipedia.org/wiki/The_Brioche
http://www.wikidata.org/entity/Q20184222,Sergeant of the Colonial Regiment,459159,3,https://en.wikipedia.org/wiki/Sergeant_of_the_Colonial_Regiment_(Albert_Marquet)
http://www.wikidata.org/entity/Q20189849,Still Life with Checked Tablecloth,646469,2,https://en.wikipedia.org/wiki/Still_Life_with_Checked_Tablecloth
http://www.wikidata.org/entity/Q28854552,Radha and Krishna Walk in a Flowering Grove,65594,2,https://en.wikipedia.org/wiki/Radha_and_Krishna_Walk_in_a_Flowering_Grove
http://www.wikidata.org/entity/Q43376787,Rafter finial in the shape of a dragon’s head and wind chime,50325,5,https://en.wikipedia.org/wiki/Dragon%27s_head_and_wind_chime
http://www.wikidata.org/entity/Q43648711,Seated Bodhisattva (left attendant of a triad),72485,3,https://en.wikipedia.org/wiki/Seated_Bodhisattva_(left_attendant_of_a_triad)
http://www.wikidata.org/entity/Q1752990,The Death of Socrates,436105,45,https://en.wikipedia.org/wiki/The_Death_of_Socrates
http://www.wikidata.org/entity/Q3212828,The Siesta,436449,4,https://en.wikipedia.org/wiki/The_Siesta_(Paul_Gauguin)
http://www.wikidata.org/entity/Q16667013,Red Sunset on the Dnieper,436833,5,https://en.wikipedia.org/wiki/Red_Sunset_on_the_Dnieper
http://www.wikidata.org/entity/Q19905085,Springtime,438158,4,https://en.wikipedia.org/wiki/Springtime_(Pierre_Auguste_Cot)
http://www.wikidata.org/entity/Q19905154,Portrait of a Man,437400,7,"https://en.wikipedia.org/wiki/Portrait_of_a_Man_(Rembrandt,_New_York)"
http://www.wikidata.org/entity/Q19912277,"Woman with a Water Pitcher, and a Man by a Bed (""The Maidservant"")",436676,1,https://en.wikipedia.org/wiki/The_Maidservant
http://www.wikidata.org/entity/Q29384277,Memorial Head,311024,2,https://en.wikipedia.org/wiki/Nsodie
http://www.wikidata.org/entity/Q29384509,Rhyton terminating in the forepart of a wild cat,326623,3,https://en.wikipedia.org/wiki/Rhyton_terminating_in_the_forepart_of_a_wild_cat
http://www.wikidata.org/entity/Q106468587,Adam,197822,3,https://en.wikipedia.org/wiki/Adam_(Lombardo)
http://www.wikidata.org/entity/Q845853,Metternich Stela,546037,9,https://en.wikipedia.org/wiki/Metternich_Stela
http://www.wikidata.org/entity/Q18222055,"Joséphine-Éléonore-Marie-Pauline de Galard de Brassac de Béarn (1825–1860), Princesse de Broglie",459106,11,https://en.wikipedia.org/wiki/The_Princesse_de_Broglie
http://www.wikidata.org/entity/Q18649144,Portrait of Floris Soop,437395,3,https://en.wikipedia.org/wiki/Portrait_of_Floris_Soop
http://www.wikidata.org/entity/Q18760265,Portrait of Herman Doomer,437392,5,https://en.wikipedia.org/wiki/Portrait_of_Herman_Doomer
http://www.wikidata.org/entity/Q19911769,The Highland Family,437939,1,https://en.wikipedia.org/wiki/The_Highland_Family
http://www.wikidata.org/entity/Q293990,Oedipus and the Sphinx,437153,13,https://en.wikipedia.org/wiki/Oedipus_and_the_Sphinx
http://www.wikidata.org/entity/Q682404,Villa Boscoreale,247017,7,https://en.wikipedia.org/wiki/Villa_Boscoreale
http://www.wikidata.org/entity/Q3947666,Saint Matthew and the Angel,437630,5,https://en.wikipedia.org/wiki/Saint_Matthew_and_the_Angel_(Savoldo)
http://www.wikidata.org/entity/Q5968221,Saint Anthony Tormented by Demons,336142,4,https://en.wikipedia.org/wiki/The_Temptation_of_St_Anthony_(Schongauer)
http://www.wikidata.org/entity/Q7979098,wedding dress of Wallis Warfield,81119,2,https://en.wikipedia.org/wiki/Wedding_dress_of_Wallis_Warfield
http://www.wikidata.org/entity/Q17505564,Salome,437384,4,https://en.wikipedia.org/wiki/Salom%C3%A9_(Henri_Regnault)
http://www.wikidata.org/entity/Q19894606,Virgin and Child with Saints Catherine of Alexandria and Barbara,437054,4,https://en.wikipedia.org/wiki/Mystic_Marriage_of_St._Catherine_(Memling)
http://www.wikidata.org/entity/Q19905080,A Young Woman Reading,437882,1,https://en.wikipedia.org/wiki/A_Young_Woman_Reading_(Vermeer_imitator)
http://www.wikidata.org/entity/Q19905355,"Señora de Sorolla (Clotilde García del Castillo, 1865–1929) in Black",437706,5,https://en.wikipedia.org/wiki/Se%C3%B1ora_de_Sorolla_in_Black
http://www.wikidata.org/entity/Q19912340,The Defense of Champigny,436188,2,https://en.wikipedia.org/wiki/The_Defense_of_Champigny
http://www.wikidata.org/entity/Q19912447,Madame Élisabeth de France (1764–1794),439405,3,https://en.wikipedia.org/wiki/Madame_%C3%89lisabeth_de_France
http://www.wikidata.org/entity/Q19918956,Ariadne,486740,2,https://en.wikipedia.org/wiki/Ariadne_(Giorgio_de_Chirico_painting)
http://www.wikidata.org/entity/Q20183472,"The Harvest, Pontoise (La Récolte, Pontoise)",459108,3,"https://en.wikipedia.org/wiki/The_Harvest,_Pontoise"
http://www.wikidata.org/entity/Q29383690,The Triumph of Fame,230011,2,https://en.wikipedia.org/wiki/The_Triumph_of_Fame
http://www.wikidata.org/entity/Q29386027,"Phonurgia nova, sive conjugium mechanico-physicum artis & natvrae paranympha phonosophia concinnatum . . .",591844,2,https://en.wikipedia.org/wiki/Phonurgia_Nova
http://www.wikidata.org/entity/Q44461289,Jinshan Island and West Lake,671028,4,https://en.wikipedia.org/wiki/Jinshan_Island_and_West_Lake
http://www.wikidata.org/entity/Q48997138,Calyx-Krater by the painter of the Berlin Hydria depicting an Amazonomachy,247966,1,https://en.wikipedia.org/wiki/Calyx-Krater_by_the_artist_called_the_Painter_of_the_Berlin_Hydria_depicting_an_Amazonomachy
http://www.wikidata.org/entity/Q60041996,Christ Asleep during the Tempest,436176,2,https://en.wikipedia.org/wiki/Christ_Asleep_during_the_Tempest
http://www.wikidata.org/entity/Q3235403,Two Tahitian Women,436446,12,https://en.wikipedia.org/wiki/Two_Tahitian_Women
http://www.wikidata.org/entity/Q3630737,Self-Portrait,436258,4,"https://en.wikipedia.org/wiki/Self-portrait_(van_Dyck,_New_York)"
http://www.wikidata.org/entity/Q20167179,"Portrait of a Woman, probably a Member of the Van Beresteyn Family",437388,1,"https://en.wikipedia.org/wiki/Portrait_of_a_Woman,_probably_a_Member_of_the_Van_Beresteyn_Family"
http://www.wikidata.org/entity/Q56238864,Woman with a Raven at an Abyss,365101,1,https://en.wikipedia.org/wiki/Woman_with_a_Raven_at_an_Abyss
http://www.wikidata.org/entity/Q56599513,Square Tilt,484689,1,https://en.wikipedia.org/wiki/Square_Tilt
http://www.wikidata.org/entity/Q1218084,The Three Crosses,354631,10,https://en.wikipedia.org/wiki/The_Three_Crosses
http://www.wikidata.org/entity/Q3224381,A Matador,436960,6,https://en.wikipedia.org/wiki/The_Matador_Saluting
http://www.wikidata.org/entity/Q3842407,Virgin and Child (Bache),436052,6,https://en.wikipedia.org/wiki/Lenti_Madonna
http://www.wikidata.org/entity/Q3948737,Virgin and Child with Saint Anne,436244,8,https://en.wikipedia.org/wiki/Virgin_and_Child_with_Saint_Anne_(D%C3%BCrer)
http://www.wikidata.org/entity/Q3949369,"Saints Roch, Anthony Abbot and Lucy",435902,4,"https://en.wikipedia.org/wiki/Saints_Roch,_Anthony_Abbot_and_Lucy"
http://www.wikidata.org/entity/Q7934007,Virgin and Child with Four Angels,436102,5,https://en.wikipedia.org/wiki/Virgin_and_Child_with_Four_Angels
http://www.wikidata.org/entity/Q20184408,Lehman Madonna,459023,6,https://en.wikipedia.org/wiki/Lehman_Madonna
http://www.wikidata.org/entity/Q20201477,Reliquary Shrine,470310,2,https://en.wikipedia.org/wiki/Reliquary_Shrine_(de_Touyl)
http://www.wikidata.org/entity/Q28810842,Ugolino and His Sons,204812,3,https://en.wikipedia.org/wiki/Ugolino_and_His_Sons_(Carpeaux)
http://www.wikidata.org/entity/Q29383602,Winter,202614,2,https://en.wikipedia.org/wiki/Winter_(sculpture)
http://www.wikidata.org/entity/Q29384537,Caftan,327518,2,https://en.wikipedia.org/wiki/Caftan_(Metropolitan_Museum_of_Art)
http://www.wikidata.org/entity/Q29384842,"Compositional Sketches for the Virgin Adoring the Christ Child, with and without the Infant St. John the Baptist; Diagram of a Perspectival Projection (recto); Slight Doodles (verso)",337494,2,"https://en.wikipedia.org/wiki/Compositional_Sketches_for_the_Virgin_Adoring_the_Christ_Child,_with_and_without_the_Infant_St._John_the_Baptist"
http://www.wikidata.org/entity/Q29384857,Studies for the Libyan Sibyl,337497,1,https://en.wikipedia.org/wiki/Studies_for_the_Libyan_Sibyl
http://www.wikidata.org/entity/Q55606908,Chair of Reniseneb,547687,2,https://en.wikipedia.org/wiki/Chair_of_Reniseneb
http://www.wikidata.org/entity/Q59296803,"In a Courtyard, Tangier",441373,1,"https://en.wikipedia.org/wiki/In_a_Courtyard,_Tangier"
http://www.wikidata.org/entity/Q1755464,"Knight, Death and the Devil",336223,16,"https://en.wikipedia.org/wiki/Knight,_Death_and_the_Devil"
http://www.wikidata.org/entity/Q2489939,The Adoration of the Magi,435724,8,"https://en.wikipedia.org/wiki/Adoration_of_the_Magi_(Bosch,_New_York)"
http://www.wikidata.org/entity/Q3842406,Madonna and Child,435768,5,https://en.wikipedia.org/wiki/Kleinberger_Madonna
http://www.wikidata.org/entity/Q3937730,Portrait of a Young Man with a Book,435802,7,https://en.wikipedia.org/wiki/Portrait_of_a_Young_Man_with_a_Book_(Bronzino)
http://www.wikidata.org/entity/Q19905247,The Calm Sea,436005,5,https://en.wikipedia.org/wiki/The_Calm_Sea_(painting)
http://www.wikidata.org/entity/Q19906270,"Morning, An Overcast Day, Rouen",437308,3,"https://en.wikipedia.org/wiki/Morning,_An_Overcast_Day,_Rouen"
http://www.wikidata.org/entity/Q19911426,The Martyrdom of Saint Barbara,436039,5,https://en.wikipedia.org/wiki/The_Martyrdom_of_Saint_Barbara_(Lucas_Cranach_the_Elder)
http://www.wikidata.org/entity/Q1362177,Melencolia I,336228,24,https://en.wikipedia.org/wiki/Melencolia_I
http://www.wikidata.org/entity/Q19912157,Telemachus and the Nymphs of Calypso,436810,3,https://en.wikipedia.org/wiki/Telemachus_and_the_Nymphs_of_Calypso
http://www.wikidata.org/entity/Q29385758,Artist's Sketch of Pharaoh Spearing a Lion,544076,3,https://en.wikipedia.org/wiki/Artist%27s_Sketch_of_Pharaoh_Spearing_a_Lion
http://www.wikidata.org/entity/Q19920648,At the Lapin Agile,486162,5,https://en.wikipedia.org/wiki/Au_Lapin_Agile
http://www.wikidata.org/entity/Q20054562,Astronomicum Caesareum,337061,3,https://en.wikipedia.org/wiki/Astronomicum_Caesareum
http://www.wikidata.org/entity/Q56599585,La Capresse des Colonies,231788,2,https://en.wikipedia.org/wiki/La_Capresse_des_Colonies
http://www.wikidata.org/entity/Q467359,The Allegory of Faith,437877,15,https://en.wikipedia.org/wiki/The_Allegory_of_Faith
http://www.wikidata.org/entity/Q1125200,Madonna and Child with Angels,436452,5,https://en.wikipedia.org/wiki/Davis_Madonna
http://www.wikidata.org/entity/Q2024709,The Spanish Singer,436944,14,https://en.wikipedia.org/wiki/The_Spanish_Singer
http://www.wikidata.org/entity/Q2957596,Monteleone Chariot,247020,8,https://en.wikipedia.org/wiki/Monteleone_chariot
http://www.wikidata.org/entity/Q5442918,Femme Lisant,435991,5,https://en.wikipedia.org/wiki/A_Woman_Reading
http://www.wikidata.org/entity/Q6903107,Mont Sainte-Victoire and the Viaduct of the Arc River Valley,435877,2,https://en.wikipedia.org/wiki/Mont_Sainte-Victoire_and_the_Viaduct_of_the_Arc_River_Valley
http://www.wikidata.org/entity/Q9392232,Annunciation,459055,10,https://en.wikipedia.org/wiki/Annunciation_(Memling)
http://www.wikidata.org/entity/Q17815340,Portrait of Anna van der Aar,436618,1,https://en.wikipedia.org/wiki/Portrait_of_Anna_van_der_Aar
http://www.wikidata.org/entity/Q19912313,The Repast of the Lion,438822,4,https://en.wikipedia.org/wiki/The_Repast_of_the_Lion
http://www.wikidata.org/entity/Q19912411,Interior with a Young Couple,436675,2,https://en.wikipedia.org/wiki/Interior_with_a_Young_Couple_and_a_Dog
http://www.wikidata.org/entity/Q20166999,Head of Christ,437404,5,"https://en.wikipedia.org/wiki/Head_of_Christ_(Rembrandt,_New_York)"
http://www.wikidata.org/entity/Q25352103,Enthroned Virgin and Child,469844,2,"https://en.wikipedia.org/wiki/Enthroned_Virgin_and_Child_(English,_The_Cloisters)"
http://www.wikidata.org/entity/Q28813038,Amathus sarcophagus,242006,4,https://en.wikipedia.org/wiki/Amathus_sarcophagus
http://www.wikidata.org/entity/Q29383798,Morgan Amber,249223,5,https://en.wikipedia.org/wiki/Morgan_Amber
http://www.wikidata.org/entity/Q2381632,Bird in Space,486757,7,https://en.wikipedia.org/wiki/Bird_in_Space
http://www.wikidata.org/entity/Q2905377,Black Iris,489813,2,https://en.wikipedia.org/wiki/Black_Iris_(painting)
http://www.wikidata.org/entity/Q3409488,Psalter of Bonne de Luxembourg,471883,3,https://en.wikipedia.org/wiki/Psalter_of_Bonne_de_Luxembourg
http://www.wikidata.org/entity/Q5899225,Hope Dionysus,255973,3,https://en.wikipedia.org/wiki/Hope_Dionysus
http://www.wikidata.org/entity/Q7766694,The Storm,435997,5,https://en.wikipedia.org/wiki/The_Storm_(painting)
http://www.wikidata.org/entity/Q17077938,Kneeling Bull with Vessel,329074,2,https://en.wikipedia.org/wiki/Kneeling_Bull_with_Vessel
http://www.wikidata.org/entity/Q17183419,The Smokers by Adriaen Brouwer,435807,5,https://en.wikipedia.org/wiki/The_Smokers_(painting)
http://www.wikidata.org/entity/Q19720120,George Washington,192901,2,https://en.wikipedia.org/wiki/George_Washington_(Ceracchi)
http://www.wikidata.org/entity/Q19905205,"Madame Grand (Noël Catherine Verlée, 1761–1835)",437898,6,https://en.wikipedia.org/wiki/Madame_Grand_(Louise_%C3%89lisabeth_Vig%C3%A9e_Le_Brun)
http://www.wikidata.org/entity/Q19911594,The Abduction of Rebecca,438814,6,https://en.wikipedia.org/wiki/The_Abduction_of_Rebecca
http://www.wikidata.org/entity/Q19912693,"Madame Auguste Cuoq (Mathilde Desportes, 1827–1910)",436016,3,https://en.wikipedia.org/wiki/Madame_Auguste_Cuoq
http://www.wikidata.org/entity/Q19917476,Street Story Quilt,485416,1,https://en.wikipedia.org/wiki/Street_Story_Quilt
http://www.wikidata.org/entity/Q19917694,Joy of Life,489551,2,https://en.wikipedia.org/wiki/Joy_of_Life_(Valadon)
http://www.wikidata.org/entity/Q20018653,"Venice, from the Porch of Madonna della Salute",437853,2,"https://en.wikipedia.org/wiki/Venice,_from_the_Porch_of_Madonna_della_Salute"
http://www.wikidata.org/entity/Q20190815,Machinery,488316,1,https://en.wikipedia.org/wiki/Machinery_(Demuth)
http://www.wikidata.org/entity/Q24910792,Fieschi Morgan Staurotheke,472562,1,https://en.wikipedia.org/wiki/Fieschi_Morgan_Staurotheke
http://www.wikidata.org/entity/Q137836,William the Hippopotamus,544227,12,https://en.wikipedia.org/wiki/William_the_Faience_Hippopotamus
http://www.wikidata.org/entity/Q3202069,The Annunciation,459016,6,"https://en.wikipedia.org/wiki/Annunciation_(Botticelli,_New_York)"
http://www.wikidata.org/entity/Q3949246,Saint Rosalie Interceding for the Plague-stricken of Palermo,436257,3,https://en.wikipedia.org/wiki/Saint_Rosalie_Interceding_for_the_Plague-stricken_of_Palermo
http://www.wikidata.org/entity/Q4009580,Venus and Cupid,436918,9,https://en.wikipedia.org/wiki/Venus_and_Cupid_(Lotto)
http://www.wikidata.org/entity/Q16903637,Ethel Scull 36 Times,490127,4,https://en.wikipedia.org/wiki/Ethel_Scull_36_Times
http://www.wikidata.org/entity/Q18758802,The Dance Class,438817,4,"https://en.wikipedia.org/wiki/The_Dance_Class_(Degas,_Metropolitan_Museum_of_Art)"
http://www.wikidata.org/entity/Q19856861,Saint Jerome as Scholar,459088,5,https://en.wikipedia.org/wiki/Saint_Jerome_(El_Greco)
http://www.wikidata.org/entity/Q19905350,Rest on the Flight into Egypt,437101,4,https://en.wikipedia.org/wiki/Rest_on_the_Flight_into_Egypt_(Mola)
http://www.wikidata.org/entity/Q19912227,Paintings of physicians by Jan Steen,437748,3,https://en.wikipedia.org/wiki/The_Lovesick_Maiden
http://www.wikidata.org/entity/Q20187805,Landscape with Stars,459189,2,https://en.wikipedia.org/wiki/Landscape_with_Sky
http://www.wikidata.org/entity/Q20190318,Three Studies for a Self-Portrait,489966,3,"https://en.wikipedia.org/wiki/Three_Studies_for_a_Self-Portrait,_(Bacon,_1979)"
http://www.wikidata.org/entity/Q29383802,Bronze man and centaur,249228,1,https://en.wikipedia.org/wiki/Bronze_man_and_centaur_(Metropolitan_Museum_of_Art)
http://www.wikidata.org/entity/Q29383985,Vulci set of jewelry,256976,2,https://en.wikipedia.org/wiki/Vulci_set_of_jewelry
http://www.wikidata.org/entity/Q29385121,The Lovers,451023,6,https://en.wikipedia.org/wiki/The_Lovers_(Abbasi)
http://www.wikidata.org/entity/Q338714,Anjou Legendarium,466277,9,https://en.wikipedia.org/wiki/Anjou_Legendarium
http://www.wikidata.org/entity/Q3842570,Madonna and Child with Saints Francis and Clare,435901,2,https://en.wikipedia.org/wiki/Madonna_and_Child_with_Saint_Francis_and_Saint_Clare
http://www.wikidata.org/entity/Q4155193,Danish Palaces,238736,9,https://en.wikipedia.org/wiki/Danish_Palaces_(Faberg%C3%A9_egg)
http://www.wikidata.org/entity/Q7476471,The Dancing Class,436141,8,https://en.wikipedia.org/wiki/The_Dancing_Class
http://www.wikidata.org/entity/Q17579092,"The Smoker, or Three Heads",436625,2,https://en.wikipedia.org/wiki/The_Smoker
http://www.wikidata.org/entity/Q19905165,The Shepherd's Song,437344,1,https://en.wikipedia.org/wiki/The_Shepherd%27s_Song_(painting)
http://www.wikidata.org/entity/Q19905279,Drawing the Eel,437588,2,https://en.wikipedia.org/wiki/Drawing_the_Eel
http://www.wikidata.org/entity/Q19905309,The Source of the Loue,436023,1,https://en.wikipedia.org/wiki/The_Source_of_the_Loue
http://www.wikidata.org/entity/Q19911452,The Judgment of Paris,436037,5,"https://en.wikipedia.org/wiki/Judgment_of_Paris_(Cranach,_New_York)"
http://www.wikidata.org/entity/Q19912279,The Death of Harmonia,437286,2,https://en.wikipedia.org/wiki/The_Death_of_Harmonia
http://www.wikidata.org/entity/Q19922323,Still Life with a Guitar,489983,2,https://en.wikipedia.org/wiki/Still_Life_with_a_Guitar
http://www.wikidata.org/entity/Q29385468,Antioch Chalice,468346,7,https://en.wikipedia.org/wiki/Antioch_chalice
http://www.wikidata.org/entity/Q105811473,Equilibrium,725932,1,https://en.wikipedia.org/wiki/Equilibrium_(Carmen_Herrera)
http://www.wikidata.org/entity/Q285392,Mérode Altarpiece,470304,18,https://en.wikipedia.org/wiki/M%C3%A9rode_Altarpiece
http://www.wikidata.org/entity/Q574004,Crucifixion and Last Judgement diptych,436282,13,https://en.wikipedia.org/wiki/Crucifixion_and_Last_Judgement_diptych
http://www.wikidata.org/entity/Q5026931,Camouflage Self-Portrait,484952,5,https://en.wikipedia.org/wiki/Camouflage_Self-Portrait
http://www.wikidata.org/entity/Q5901143,Achaemenid Persian Lion Rhyton,324291,3,https://en.wikipedia.org/wiki/Achaemenid_Persian_Lion_Rhyton
http://www.wikidata.org/entity/Q20011423,Flemish Hunting Deck,475513,4,https://en.wikipedia.org/wiki/Flemish_Hunting_Deck
http://www.wikidata.org/entity/Q20201347,Doorway from Moutiers-Saint-Jean,470313,2,https://en.wikipedia.org/wiki/Doorway_from_Moutiers-Saint-Jean
http://www.wikidata.org/entity/Q3733425,Esther before Ahasuerus,436453,9,https://en.wikipedia.org/wiki/Esther_before_Ahasuerus_(Artemisia_Gentileschi)
http://www.wikidata.org/entity/Q3927386,"Saints Peter, Martha, Mary Magdalen, and Leonard",435992,6,"https://en.wikipedia.org/wiki/Saints_Peter,_Martha,_Mary_Magdalen_and_Leonard"
http://www.wikidata.org/entity/Q3948786,Saint Anthony Abbot Tempted by a Heap of Gold,458967,2,https://en.wikipedia.org/wiki/Saint_Anthony_Abbot_Tempted_by_a_Heap_of_Gold
http://www.wikidata.org/entity/Q5134925,Cloisters Cross,470305,4,https://en.wikipedia.org/wiki/Cloisters_Cross
http://www.wikidata.org/entity/Q19904881,Christ Presented to the People,436922,1,https://en.wikipedia.org/wiki/Christ_Presented_to_the_People_(Il_Sodoma)
http://www.wikidata.org/entity/Q19911689,The Afternoon Meal (La Merienda),437053,3,https://en.wikipedia.org/wiki/The_Afternoon_Meal_(Luis_Mel%C3%A9ndez)
http://www.wikidata.org/entity/Q20184249,Nude Before a Mirror,459182,4,https://en.wikipedia.org/wiki/Nude_Before_a_Mirror
http://www.wikidata.org/entity/Q26228930,Giso 404,492377,1,https://en.wikipedia.org/wiki/Giso_404
http://www.wikidata.org/entity/Q60747367,Hunting of Birds with a Hawk and a Bow,467961,2,https://en.wikipedia.org/wiki/Hunting_of_Birds_with_a_Hawk_and_a_Bow
http://www.wikidata.org/entity/Q39013,The Woman in the Waves,436004,16,https://en.wikipedia.org/wiki/The_Woman_in_the_Waves
http://www.wikidata.org/entity/Q734082,Regatta at Sainte-Adresse,437136,13,https://en.wikipedia.org/wiki/Regatta_at_Sainte-Adresse_(Monet)
http://www.wikidata.org/entity/Q2873092,Autumn Rhythm (Number 30),488978,10,https://en.wikipedia.org/wiki/Autumn_Rhythm_(Number_30)
http://www.wikidata.org/entity/Q3332083,"Migrant Mother, Nipomo, California",284152,8,https://en.wikipedia.org/wiki/Migrant_Mother
http://www.wikidata.org/entity/Q5036652,Captain George K. H. Coussmaker,437447,7,https://en.wikipedia.org/wiki/Captain_George_K._H._Coussmaker
http://www.wikidata.org/entity/Q6382435,The Bridge at Villeneuve-la-Garenne,437680,7,https://en.wikipedia.org/wiki/The_Bridge_at_Villeneuve-la-Garenne
http://www.wikidata.org/entity/Q7735048,The Four Witches,391046,8,https://en.wikipedia.org/wiki/The_Four_Witches
http://www.wikidata.org/entity/Q18589381,Portrait of a man with gloves in hand,437401,4,https://en.wikipedia.org/wiki/Portrait_of_a_Man_Holding_Gloves
http://www.wikidata.org/entity/Q19905264,"The Englishman (William Tom Warrener, 1861–1934) at the Moulin Rouge",437835,3,https://en.wikipedia.org/wiki/The_Englishman_at_the_Moulin_Rouge
http://www.wikidata.org/entity/Q19911726,The Trojan Women Setting Fire to Their Fleet,435908,3,https://en.wikipedia.org/wiki/The_Trojan_Women_Set_Fire_to_their_Fleet_(Claude_Lorrain)
http://www.wikidata.org/entity/Q431732,The Steerage,269281,7,https://en.wikipedia.org/wiki/The_Steerage
http://www.wikidata.org/entity/Q2984746,Battle of the Nudes,339971,6,https://en.wikipedia.org/wiki/Battle_of_the_Nudes_(engraving)
http://www.wikidata.org/entity/Q19904831,Whalers,437854,2,https://en.wikipedia.org/wiki/Whalers_(J._M._W._Turner)
http://www.wikidata.org/entity/Q19905189,Isaac Blessing Jacob,436266,1,https://en.wikipedia.org/wiki/Isaac_Blessing_Jacob_(Gerbrand_van_den_Eeckhout)
http://www.wikidata.org/entity/Q19905326,Portrait of an Old Woman,435597,1,https://en.wikipedia.org/wiki/Portrait_of_an_Old_Woman_with_Folded_Hands
http://www.wikidata.org/entity/Q19912047,The Sorrow of Telemachus,436809,3,https://en.wikipedia.org/wiki/The_Sorrow_of_Telemachus
http://www.wikidata.org/entity/Q19912201,Breton Brother and Sister,435754,2,https://en.wikipedia.org/wiki/Breton_Brother_and_Sister
http://www.wikidata.org/entity/Q19912240,"Eugène Murer (Hyacinthe-Eugène Meunier, 1841–1906)",438011,3,https://en.wikipedia.org/wiki/Eug%C3%A8ne_Murer_(Renoir)
http://www.wikidata.org/entity/Q19912595,Ferry near Gorinchem,437589,1,https://en.wikipedia.org/wiki/Ferry_near_Gorinchem
http://www.wikidata.org/entity/Q19913319,A Cavalryman,437220,4,https://en.wikipedia.org/wiki/A_Cavalryman
http://www.wikidata.org/entity/Q19913672,Fish Market,679844,2,https://en.wikipedia.org/wiki/Fish_Market_(Joachim_Beuckelaer)
http://www.wikidata.org/entity/Q19917658,Reclining Nude,486847,3,https://en.wikipedia.org/wiki/Reclining_Nude_(Amedeo_Modigliani)
http://www.wikidata.org/entity/Q19917819,"Movement No. 5, Provincetown Houses",488487,1,"https://en.wikipedia.org/wiki/Movement_No._5,_Provincetown_Houses"
http://www.wikidata.org/entity/Q19917972,Self-Portrait,492697,1,https://en.wikipedia.org/wiki/Self-Portrait_(Inn_of_the_Dawn_Horse)
http://www.wikidata.org/entity/Q19920914,Banquet in Silence,488563,2,https://en.wikipedia.org/wiki/Banquet_in_Silence_(Marsden_Hartley)
http://www.wikidata.org/entity/Q19923372,Artillery,485807,2,https://en.wikipedia.org/wiki/Artillery_(Roger_de_La_Fresnaye)
http://www.wikidata.org/entity/Q20198429,America Today,499559,1,https://en.wikipedia.org/wiki/America_Today
http://www.wikidata.org/entity/Q20199036,Saltillo Mansion,488165,2,https://en.wikipedia.org/wiki/Saltillo_Mansion
http://www.wikidata.org/entity/Q20199090,"Bermuda No. 2, The Schooner",488501,1,"https://en.wikipedia.org/wiki/Bermuda_No._2,_The_Schooner"
http://www.wikidata.org/entity/Q20199125,Drawing XIII,488601,1,https://en.wikipedia.org/wiki/Charcoal_drawings_by_Georgia_O%27Keeffe_from_1915
http://www.wikidata.org/entity/Q29384360,Snuff Tray,316330,3,https://en.wikipedia.org/wiki/Snuff_tray
http://www.wikidata.org/entity/Q56238779,Bouquet of Small Chrysanthemums,336333,1,https://en.wikipedia.org/wiki/Bouquet_of_Small_Chrysanthemums_(L%C3%A9on_Bonvin)
http://www.wikidata.org/entity/Q58874673,Armenian Gospel with Silver Cover,446861,3,https://en.wikipedia.org/wiki/Armenian_Gospel_with_Silver_Cover
http://www.wikidata.org/entity/Q85806454,The Barbarians,489976,2,https://en.wikipedia.org/wiki/The_Barbarians_(painting)
http://www.wikidata.org/entity/Q655705,The Musicians,435844,20,https://en.wikipedia.org/wiki/The_Musicians_(Caravaggio)
http://www.wikidata.org/entity/Q958088,Portrait of a Young Woman,437879,15,https://en.wikipedia.org/wiki/Study_of_a_Young_Woman
http://www.wikidata.org/entity/Q3299143,September Morn,488977,13,https://en.wikipedia.org/wiki/September_Morn
http://www.wikidata.org/entity/Q8030760,Woman with a Parrot,436002,19,https://en.wikipedia.org/wiki/Woman_with_a_Parrot
http://www.wikidata.org/entity/Q16987384,The Young Sailor II,489994,2,https://en.wikipedia.org/wiki/The_Young_Sailor_II
http://www.wikidata.org/entity/Q19904836,"Equestrian Portrait of Cornelis (1639–1680) and Michiel Pompe van Meerdervoort (1638–1653) with Their Tutor and Coachman (""Starting for the Hunt"")",436063,1,https://en.wikipedia.org/wiki/Equestrian_Portrait_of_Cornelis_and_Michiel_Pompe_van_Meerdervoort_with_Their_Tutor_and_Coachman
http://www.wikidata.org/entity/Q19911797,Lukas Spielhausen,436033,3,https://en.wikipedia.org/wiki/Lukas_Spielhausen
http://www.wikidata.org/entity/Q19912743,Saint Margaret of Cortona,437841,1,https://en.wikipedia.org/wiki/St_Margaret_of_Cortona_(Gaspare_Traversi)
http://www.wikidata.org/entity/Q19922659,The Accommodations of Desire,490036,3,https://en.wikipedia.org/wiki/The_Accommodations_of_Desire
http://www.wikidata.org/entity/Q20189543,Harlequin with a Guitar,490068,2,https://en.wikipedia.org/wiki/Harlequin_with_a_Guitar
http://www.wikidata.org/entity/Q20190265,Delirious Hem,490064,1,https://en.wikipedia.org/wiki/Delirious_Hem
http://www.wikidata.org/entity/Q52624955,Serpent Labret with Articulated Tongue,321343,2,https://en.wikipedia.org/wiki/Serpent_labret_with_articulated_tongue
http://www.wikidata.org/entity/Q72650,Mademoiselle V. . . in the Costume of an Espada,436945,10,https://en.wikipedia.org/wiki/Mademoiselle_V._in_the_Costume_of_an_Espada
http://www.wikidata.org/entity/Q1755464,"Knight, Death and the Devil",391255,16,"https://en.wikipedia.org/wiki/Knight,_Death_and_the_Devil"
http://www.wikidata.org/entity/Q7107718,Ostracon of Senemut and Djehuty,544456,2,https://en.wikipedia.org/wiki/Ostracon_of_Senemut
http://www.wikidata.org/entity/Q17629102,Two children teasing a cat,435852,5,https://en.wikipedia.org/wiki/Two_Children_Teasing_a_Cat
http://www.wikidata.org/entity/Q19905665,Piping Shepherds,436062,2,https://en.wikipedia.org/wiki/Piping_Shepherds
http://www.wikidata.org/entity/Q19920734,The Midnight Ride of Paul Revere,488577,7,https://en.wikipedia.org/wiki/The_Midnight_Ride_of_Paul_Revere_(painting)
http://www.wikidata.org/entity/Q20191160,Vase with lid,484923,3,https://en.wikipedia.org/wiki/Vase_with_lid
http://www.wikidata.org/entity/Q20191641,A Storm,482299,2,https://en.wikipedia.org/wiki/A_Storm
http://www.wikidata.org/entity/Q20200942,Burg Weiler Altar Triptych,471455,1,https://en.wikipedia.org/wiki/Burg_Weiler_Altarpiece
http://www.wikidata.org/entity/Q29385249,Black Stork in a Landscape,454011,2,https://en.wikipedia.org/wiki/Black_Stork_in_a_Landscape
http://www.wikidata.org/entity/Q29385577,Rectangular Octave Virginal,502325,2,https://en.wikipedia.org/wiki/Rectangular_Octave_Virginal
http://www.wikidata.org/entity/Q29385866,Heart Scarab of Hatnefer,545146,3,https://en.wikipedia.org/wiki/Heart_Scarab_of_Hatnefer
http://www.wikidata.org/entity/Q4891521,The Source,436022,9,https://en.wikipedia.org/wiki/The_Source_(Courbet)
http://www.wikidata.org/entity/Q19912312,The Forest in Winter at Sunset,438816,2,https://en.wikipedia.org/wiki/The_Forest_in_Winter_at_Sunset_(painting)
http://www.wikidata.org/entity/Q19922091,Violin and Playing Cards on a Table,486744,2,https://en.wikipedia.org/wiki/Violin_and_Playing_Cards_on_a_Table
http://www.wikidata.org/entity/Q24207145,The Fuentidueña Apse,472507,4,https://en.wikipedia.org/wiki/The_Fuentidue%C3%B1a_Apse
http://www.wikidata.org/entity/Q25352136,Prayer Bead with the Adoration of the Magi and the Crucifixion,464449,2,https://en.wikipedia.org/wiki/Prayer_Bead_with_the_Adoration_of_the_Magi_and_the_Crucifixion
http://www.wikidata.org/entity/Q29383566,Patio from the Castle of Vélez Blanco,199003,3,https://en.wikipedia.org/wiki/Patio_from_the_Castle_of_V%C3%A9lez_Blanco
http://www.wikidata.org/entity/Q56239000,The Woman with the Spider's Web,365099,2,https://en.wikipedia.org/wiki/The_Woman_with_the_Spider%27s_Web
http://www.wikidata.org/entity/Q1959777,"Belles Heures of Jean de France, Duc de Berry",470306,10,"https://en.wikipedia.org/wiki/Belles_Heures_of_Jean_de_France,_Duc_de_Berry"
http://www.wikidata.org/entity/Q3400622,Pourquoi naître esclave ?,824469,4,https://en.wikipedia.org/wiki/Why_Born_Enslaved!
http://www.wikidata.org/entity/Q3823444,Circus Sideshow,437654,7,https://en.wikipedia.org/wiki/Parade_de_cirque
http://www.wikidata.org/entity/Q7232319,Portrait of a Carthusian,435896,14,https://en.wikipedia.org/wiki/Portrait_of_a_Carthusian
http://www.wikidata.org/entity/Q7728258,The Crucifixion with the Virgin and St John,435817,2,https://en.wikipedia.org/wiki/Crucifixion_with_the_Virgin_and_St_John
http://www.wikidata.org/entity/Q19912657,View from the Quai d'Orsay,438381,2,https://en.wikipedia.org/wiki/View_from_the_Quai_d%27Orsay
http://www.wikidata.org/entity/Q29383671,Chalice à soleil,208555,1,https://en.wikipedia.org/wiki/Chalice_%C3%A0_soleil
http://www.wikidata.org/entity/Q3041737,The Actor,488690,8,https://en.wikipedia.org/wiki/The_Actor_(painting)
http://www.wikidata.org/entity/Q3208203,The Last Communion of Saint Jerome,435728,8,https://en.wikipedia.org/wiki/The_Last_Communion_of_Saint_Jerome_(Botticelli)
http://www.wikidata.org/entity/Q20190963,Juan Legua,490060,2,https://en.wikipedia.org/wiki/Juan_Legua
http://www.wikidata.org/entity/Q28811053,Emma Van Name,701989,2,https://en.wikipedia.org/wiki/Emma_Van_Name
http://www.wikidata.org/entity/Q65040875,Hebrew Bible,773026,2,https://en.wikipedia.org/wiki/Cloisters_Hebrew_Bible
http://www.wikidata.org/entity/Q78611346,"The Hall of Antiquities at Charlottenborg Palace, Copenhagen",780292,1,"https://en.wikipedia.org/wiki/The_Hall_of_Antiquities_at_Charlottenborg_Palace,_Copenhagen"
http://www.wikidata.org/entity/Q19912372,"Comtesse de la Châtre (Marie Charlotte Louise Perrette Aglaé Bontemps, 1762–1848)",437900,5,https://en.wikipedia.org/wiki/Comtesse_de_la_Ch%C3%A2tre
http://www.wikidata.org/entity/Q1755464,"Knight, Death and the Devil",377283,16,"https://en.wikipedia.org/wiki/Knight,_Death_and_the_Devil"
http://www.wikidata.org/entity/Q17355822,Yonker Ramp and his Sweetheart,436616,4,https://en.wikipedia.org/wiki/Yonker_Ramp_and_His_Sweetheart
http://www.wikidata.org/entity/Q18177483,Hagar in the Wilderness,435962,4,https://en.wikipedia.org/wiki/Hagar_in_the_Wilderness
http://www.wikidata.org/entity/Q19911765,Allegory of the Planets and Continents,437790,2,https://en.wikipedia.org/wiki/Allegory_of_the_Planets_and_Continents
http://www.wikidata.org/entity/Q19911975,Cows Crossing a Ford,436241,2,https://en.wikipedia.org/wiki/Cows_Crossing_a_Ford
http://www.wikidata.org/entity/Q19912235,Christ Bearing the Cross,437855,3,https://en.wikipedia.org/wiki/Christ_Bearing_the_Cross
http://www.wikidata.org/entity/Q19912578,The Valley of the Nervia,437118,5,https://en.wikipedia.org/wiki/The_Valley_of_the_Nervia
http://www.wikidata.org/entity/Q19912677,Weaning the Calves,435703,1,https://en.wikipedia.org/wiki/Weaning_the_Calves
http://www.wikidata.org/entity/Q19912748,Children Playing with a Goat,437949,2,https://en.wikipedia.org/wiki/Children_Playing_with_a_Goat
http://www.wikidata.org/entity/Q19917690,Portrait of a German Officer,488486,2,https://en.wikipedia.org/wiki/Portrait_of_a_German_Officer
http://www.wikidata.org/entity/Q20191074,"Coast Guard Station, Two Lights, Maine",481213,2,"https://en.wikipedia.org/wiki/Coast_Guard_Station,_Two_Lights,_Maine"
http://www.wikidata.org/entity/Q28360786,The Game of Chinese Chess,394687,3,https://en.wikipedia.org/wiki/The_Game_of_Chinese_Chess
http://www.wikidata.org/entity/Q29384167,Woman Seen from the Back,283121,1,https://en.wikipedia.org/wiki/Woman_Seen_from_the_Back
http://www.wikidata.org/entity/Q29385812,Statuette of the lady Tiye,544524,2,https://en.wikipedia.org/wiki/Statuette_of_the_lady_Tiye
http://www.wikidata.org/entity/Q29385931,Portrait of the Boy Eutyches,547951,4,https://en.wikipedia.org/wiki/Portrait_of_the_Boy_Eutyches
http://www.wikidata.org/entity/Q78610486,Pes-Ke-Le-Cha-Co,813594,1,https://en.wikipedia.org/wiki/Pes-Ke-Le-Cha-Co_(Henry_Inman)
http://www.wikidata.org/entity/Q104413242,The Wood Sawyer,768547,1,https://en.wikipedia.org/wiki/The_Wood_Sawyer_(Weir)
http://www.wikidata.org/entity/Q386453,Woman with a Water Jug,437881,21,https://en.wikipedia.org/wiki/Woman_with_a_Water_Jug
http://www.wikidata.org/entity/Q2583260,Crucifixion,488880,12,https://en.wikipedia.org/wiki/Crucifixion_(Corpus_Hypercubus)
http://www.wikidata.org/entity/Q3228340,The Third-Class Carriage,436095,8,https://en.wikipedia.org/wiki/The_Third-Class_Carriage
http://www.wikidata.org/entity/Q3842392,Virgin and Child,436968,4,https://en.wikipedia.org/wiki/Butler_Madonna
http://www.wikidata.org/entity/Q5179376,"Cow's Skull: Red, White, and Blue",488694,1,"https://en.wikipedia.org/wiki/Cow%27s_Skull:_Red,_White,_and_Blue"
http://www.wikidata.org/entity/Q17609277,Boy with a Lute,436626,3,https://en.wikipedia.org/wiki/The_Fingernail_Test
http://www.wikidata.org/entity/Q19861716,Black Bashi-Bazouk,440723,6,https://en.wikipedia.org/wiki/Bashi-Bazouk_(Jean-L%C3%A9on_G%C3%A9r%C3%B4me)
http://www.wikidata.org/entity/Q19905130,The Baker's Cart,437082,1,https://en.wikipedia.org/wiki/The_Baker%27s_Cart
http://www.wikidata.org/entity/Q19905166,Lachrymae,436869,4,https://en.wikipedia.org/wiki/Lachrymae_(Frederic_Leighton)
http://www.wikidata.org/entity/Q29385040,Morgan Casket,446990,2,https://en.wikipedia.org/wiki/Morgan_Casket
http://www.wikidata.org/entity/Q44178853,Head of Shiva,646432,5,https://en.wikipedia.org/wiki/Head_of_Shiva
http://www.wikidata.org/entity/Q78161748,Woman Playing a Guitar,747607,3,https://en.wikipedia.org/wiki/Woman_Playing_a_Guitar_(Vouet)
http://www.wikidata.org/entity/Q7079178,Office in a Small City,488730,7,https://en.wikipedia.org/wiki/Office_in_a_Small_City
http://www.wikidata.org/entity/Q7232242,Portrait Miniature of Margaret Roper,436662,1,https://en.wikipedia.org/wiki/Portrait_Miniature_of_Margaret_Roper
http://www.wikidata.org/entity/Q7735048,The Four Witches,369866,8,https://en.wikipedia.org/wiki/The_Four_Witches
http://www.wikidata.org/entity/Q19912179,The Fishing Boat,436012,3,https://en.wikipedia.org/wiki/The_Fishing_Boat
http://www.wikidata.org/entity/Q19920675,Lobster Fishermen,488036,1,https://en.wikipedia.org/wiki/Lobster_Fishermen_(Marsden_Hartley)
http://www.wikidata.org/entity/Q19938871,Leisure Time in an Elegant Setting,459086,2,https://en.wikipedia.org/wiki/Leisure_Time_in_an_Elegant_Setting
http://www.wikidata.org/entity/Q20191121,Girl with a Cat,481489,2,https://en.wikipedia.org/wiki/Girl_with_a_Cat_(Gwen_John)
http://www.wikidata.org/entity/Q20201150,The Cloisters Apocalypse,471869,4,https://en.wikipedia.org/wiki/Cloisters_Apocalypse
http://www.wikidata.org/entity/Q47321140,Euphiletos Painter Panathenaic prize amphora,248902,2,https://en.wikipedia.org/wiki/Euphiletos_Painter_Panathenaic_prize_amphora
http://www.wikidata.org/entity/Q8464346,Christ Carrying the Cross,459087,5,"https://en.wikipedia.org/wiki/Christ_Carrying_the_Cross_(El_Greco,_New_York)"
http://www.wikidata.org/entity/Q19917749,Mrs. Atkinson,481922,1,https://en.wikipedia.org/wiki/Mrs._Atkinson_(Gwen_John)
http://www.wikidata.org/entity/Q19920589,"Cemetery, New Mexico",488493,2,"https://en.wikipedia.org/wiki/Cemetery,_New_Mexico_(Marsden_Hartley)"
http://www.wikidata.org/entity/Q20199112,Mountain with Red House,488517,2,https://en.wikipedia.org/wiki/Mountain_with_Red_House
http://www.wikidata.org/entity/Q105790527,Iberic,817303,1,https://en.wikipedia.org/wiki/Iberic_(Carmen_Herrera)
http://www.wikidata.org/entity/Q776175,The Harvesters,435809,20,https://en.wikipedia.org/wiki/The_Harvesters_(painting)
http://www.wikidata.org/entity/Q860930,Gertrude Stein,488221,5,https://en.wikipedia.org/wiki/Portrait_of_Gertrude_Stein
http://www.wikidata.org/entity/Q1755464,"Knight, Death and the Devil",377282,16,"https://en.wikipedia.org/wiki/Knight,_Death_and_the_Devil"
http://www.wikidata.org/entity/Q6622215,I Saw the Figure 5 in Gold,488315,8,https://en.wikipedia.org/wiki/I_Saw_the_Figure_5_in_Gold
http://www.wikidata.org/entity/Q7378762,Ruin at Daphne,488840,1,https://en.wikipedia.org/wiki/Ruin_at_Daphne
http://www.wikidata.org/entity/Q7994688,White Flag,487065,2,https://en.wikipedia.org/wiki/White_Flag_(painting)
http://www.wikidata.org/entity/Q19904853,The Dream of the Shepherd (Der Traum des Hirten),634108,1,https://en.wikipedia.org/wiki/The_Dream_of_the_Shepherd
http://www.wikidata.org/entity/Q19905179,Sibylle,435984,3,https://en.wikipedia.org/wiki/Sibylle_(painting)
http://www.wikidata.org/entity/Q19905254,The Outer Harbor of Brest,435673,2,https://en.wikipedia.org/wiki/The_Outer_Harbor_of_Brest
http://www.wikidata.org/entity/Q19911618,Moses Striking the Rock,435680,1,https://en.wikipedia.org/wiki/Moses_Striking_the_Rock
http://www.wikidata.org/entity/Q19911632,Rest on the Flight into Egypt,436101,4,"https://en.wikipedia.org/wiki/Rest_on_the_Flight_into_Egypt_(David,_New_York)"
http://www.wikidata.org/entity/Q19911961,A Woman Playing the Theorbo-Lute and a Cavalier,435717,3,https://en.wikipedia.org/wiki/A_Woman_Playing_the_Theorbo-Lute_and_a_Cavalier
http://www.wikidata.org/entity/Q19911988,Diana and Cupid,435622,2,https://en.wikipedia.org/wiki/Diana_and_Cupid
http://www.wikidata.org/entity/Q19912484,Self-Portrait with a Harp,436222,4,https://en.wikipedia.org/wiki/Self-Portrait_with_a_Harp_(Rose-Ad%C3%A9la%C3%AFde_Ducreux)
http://www.wikidata.org/entity/Q19922191,The Great Sirens,481994,3,https://en.wikipedia.org/wiki/The_Great_Sirens
